<?xml version="1.0" encoding="UTF-8"?>
<PBEditSettings>
	<Settings>
		<Setting name="enableStyling" value="1"/>
		<Setting name="enableScrollBarHorizontal" value="1"/>
		<Setting name="enableScrollBarVertical" value="1"/>
		<Setting name="enableZooming" value="1"/>
		<Setting name="enableLineNumbers" value="1"/>
		<Setting name="enableShowCurrentLine" value="1"/>
		<Setting name="enableFolding" value="1"/>
		<Setting name="enableIndentation" value="0"/>
		<Setting name="enableCaseCorrection" value="0"/>
		<Setting name="enableShowWhiteSpace" value="0"/>
		<Setting name="enableIndentationLines" value="0"/>
		<Setting name="enableAutoComplete" value="0"/>
		<Setting name="enableAutoClosingBracket" value="0"/>
		<Setting name="enableDictionary" value="0"/>
		<Setting name="enableSyntaxCheck" value="0"/>
		<Setting name="enableBeautify" value="1"/>
		<Setting name="enableMultiCursor" value="0"/>
		<Setting name="enableSplitScreen" value="0"/>
		<Setting name="enableHighlightSelection" value="1"/>
		<Setting name="enableSelectPastedText" value="0"/>
		<Setting name="enableWordWrap" value="0"/>
		<Setting name="wordWrapMode" value="None"/>
		<Setting name="wordWrapSize" value="0"/>
		<Setting name="highlightMode" value="NoCase"/>
		<Setting name="indentationMode" value="None"/>
		<Setting name="useRealTab" value="1"/>
		<Setting name="tabSize" value="4"/>
		<Setting name="fontName" value="Consolas"/>
		<Setting name="lineHeight" value="10"/>
		<Setting name="scrollbarWidth" value="15"/>
		<Setting name="topBorderSize" value="4"/>
		<Setting name="leftBorderSize" value="4"/>
		<Setting name="newLineChar" value="10"/>
		<Setting name="CursorBlinkDelay" value="500"/>
		<Setting name="CursorClickSpeed" value="500"/>
		<Setting name="CursorCompareMode" value="NoCase"/>
	</Settings>
	
	<Colors>
		<Color name="defaultTextColor" value="0,0,0"/>
		<Color name="selectedTextColor" value="255,255,255"/>
		<Color name="cursor" value="0,0,0"/>
		<Color name="inactiveBackground" value="50,50,50"/>
		<Color name="currentBackground" value="240,248,248"/>
		<Color name="selectionBackground" value="0,108,215"/>
		<Color name="currentLine" value="196,228,228"/>
		<Color name="currentLineBackground" value="196,228,228"/>
		<Color name="inactiveLineBackground" value="180,212,212"/>
		<Color name="indentationGuides" value="60,60,60"/>
		<Color name="repeatedSelections" value="150,150,150"/>
		<Color name="lineNr" value="72,72,72"/>
		<Color name="currentLineNr" value="0,0,0"/>
		<Color name="lineNrBackground" value="255,255,255"/>
		<Color name="foldIcon" value="36,36,36"/>
		<Color name="foldIconBorder" value="96,96,96"/>
		<Color name="foldIconBackground" value="255,255,255"/>
	</Colors>
</PBEditSettings>