[{"SelectionStyle":null,"Frames":[[{"SelectionStyle":null,"Frames":[[]],"bHidden":false,"sDrawingCallback":"MyDrawing()","iHeight":50,"iNumber":-1,"iCallbackData":4227264,"eHandleDisplayMode":3,"eCursor":0,"iWidth":250,"Grid":{"iMoveX":1,"iMoveY":1,"iSizeX":1,"iSizeY":1},"Boundaries":{"iMaxWidth":1073741823,"iMinHeight":0,"iMinWidth":0,"iMaxX":1073741823,"iMaxY":1073741823,"iMaxHeight":1073741823,"iMinX":1073741823,"iMinY":1073741823},"Handles":[{"sImage":null,"iHeight":8,"eCursor":6,"iWidth":8,"eAlignment":0,"iX":0,"iY":0},{"sImage":null,"iHeight":8,"eCursor":10,"iWidth":8,"eAlignment":9,"iX":0,"iY":0},{"sImage":null,"iHeight":8,"eCursor":8,"iWidth":8,"eAlignment":8,"iX":0,"iY":0},{"sImage":null,"iHeight":8,"eCursor":9,"iWidth":8,"eAlignment":10,"iX":0,"iY":0},{"sImage":null,"iHeight":8,"eCursor":7,"iWidth":8,"eAlignment":1,"iX":0,"iY":0},null,{"sImage":null,"iHeight":8,"eCursor":7,"iWidth":8,"eAlignment":2,"iX":0,"iY":0},{"sImage":null,"iHeight":8,"eCursor":9,"iWidth":8,"eAlignment":5,"iX":0,"iY":0},{"sImage":null,"iHeight":8,"eCursor":8,"iWidth":8,"eAlignment":4,"iX":0,"iY":0},{"sImage":null,"iHeight":8,"eCursor":10,"iWidth":8,"eAlignment":6,"iX":0,"iY":0},null,null,null,null,null,null,null,null],"eAttachmentMode":3,"iX":20,"iY":40,"iData":0,"Attributes":{},"bDisabled":false}]],"bHidden":false,"sDrawingCallback":"MyDrawing()","iHeight":100,"iNumber":1,"iCallbackData":4243584,"eHandleDisplayMode":3,"eCursor":0,"iWidth":300,"Grid":{"iMoveX":1,"iMoveY":1,"iSizeX":1,"iSizeY":1},"Boundaries":{"iMaxWidth":1073741823,"iMinHeight":0,"iMinWidth":0,"iMaxX":1073741823,"iMaxY":1073741823,"iMaxHeight":1073741823,"iMinX":1073741823,"iMinY":1073741823},"Handles":[{"sImage":null,"iHeight":8,"eCursor":6,"iWidth":8,"eAlignment":0,"iX":0,"iY":0},{"sImage":null,"iHeight":8,"eCursor":10,"iWidth":8,"eAlignment":9,"iX":0,"iY":0},{"sImage":null,"iHeight":8,"eCursor":8,"iWidth":8,"eAlignment":8,"iX":0,"iY":0},{"sImage":null,"iHeight":8,"eCursor":9,"iWidth":8,"eAlignment":10,"iX":0,"iY":0},{"sImage":null,"iHeight":8,"eCursor":7,"iWidth":8,"eAlignment":1,"iX":0,"iY":0},null,{"sImage":null,"iHeight":8,"eCursor":7,"iWidth":8,"eAlignment":2,"iX":0,"iY":0},{"sImage":null,"iHeight":8,"eCursor":9,"iWidth":8,"eAlignment":5,"iX":0,"iY":0},{"sImage":null,"iHeight":8,"eCursor":8,"iWidth":8,"eAlignment":4,"iX":0,"iY":0},{"sImage":null,"iHeight":8,"eCursor":10,"iWidth":8,"eAlignment":6,"iX":0,"iY":0},null,null,null,null,null,null,null,null],"eAttachmentMode":0,"iX":80,"iY":136,"iData":0,"Attributes":{},"bDisabled":false},{"SelectionStyle":null,"Frames":[[]],"bHidden":false,"sDrawingCallback":"MyDrawing()","iHeight":57,"iNumber":-1,"iCallbackData":8405184,"eHandleDisplayMode":3,"eCursor":0,"iWidth":206,"Grid":{"iMoveX":1,"iMoveY":1,"iSizeX":1,"iSizeY":1},"Boundaries":{"iMaxWidth":1073741823,"iMinHeight":0,"iMinWidth":0,"iMaxX":1073741823,"iMaxY":1073741823,"iMaxHeight":1073741823,"iMinX":1073741823,"iMinY":1073741823},"Handles":[{"sImage":null,"iHeight":8,"eCursor":6,"iWidth":8,"eAlignment":0,"iX":0,"iY":0},{"sImage":null,"iHeight":8,"eCursor":10,"iWidth":8,"eAlignment":9,"iX":0,"iY":0},{"sImage":null,"iHeight":8,"eCursor":8,"iWidth":8,"eAlignment":8,"iX":0,"iY":0},{"sImage":null,"iHeight":8,"eCursor":9,"iWidth":8,"eAlignment":10,"iX":0,"iY":0},{"sImage":null,"iHeight":8,"eCursor":7,"iWidth":8,"eAlignment":1,"iX":0,"iY":0},null,{"sImage":null,"iHeight":8,"eCursor":7,"iWidth":8,"eAlignment":2,"iX":0,"iY":0},{"sImage":null,"iHeight":8,"eCursor":9,"iWidth":8,"eAlignment":5,"iX":0,"iY":0},{"sImage":null,"iHeight":8,"eCursor":8,"iWidth":8,"eAlignment":4,"iX":0,"iY":0},{"sImage":null,"iHeight":8,"eCursor":10,"iWidth":8,"eAlignment":6,"iX":0,"iY":0},null,null,null,null,null,null,null,null],"eAttachmentMode":0,"iX":151,"iY":50,"iData":0,"Attributes":{},"bDisabled":false},{"SelectionStyle":null,"Frames":[[]],"bHidden":false,"sDrawingCallback":"MyDrawing()","iHeight":144,"iNumber":-1,"iCallbackData":12615744,"eHandleDisplayMode":3,"eCursor":0,"iWidth":182,"Grid":{"iMoveX":1,"iMoveY":1,"iSizeX":1,"iSizeY":1},"Boundaries":{"iMaxWidth":1073741823,"iMinHeight":0,"iMinWidth":0,"iMaxX":1073741823,"iMaxY":1073741823,"iMaxHeight":1073741823,"iMinX":1073741823,"iMinY":1073741823},"Handles":[{"sImage":null,"iHeight":8,"eCursor":6,"iWidth":8,"eAlignment":0,"iX":0,"iY":0},{"sImage":null,"iHeight":8,"eCursor":10,"iWidth":8,"eAlignment":9,"iX":0,"iY":0},{"sImage":null,"iHeight":8,"eCursor":8,"iWidth":8,"eAlignment":8,"iX":0,"iY":0},{"sImage":null,"iHeight":8,"eCursor":9,"iWidth":8,"eAlignment":10,"iX":0,"iY":0},{"sImage":null,"iHeight":8,"eCursor":7,"iWidth":8,"eAlignment":1,"iX":0,"iY":0},null,{"sImage":null,"iHeight":8,"eCursor":7,"iWidth":8,"eAlignment":2,"iX":0,"iY":0},{"sImage":null,"iHeight":8,"eCursor":9,"iWidth":8,"eAlignment":5,"iX":0,"iY":0},{"sImage":null,"iHeight":8,"eCursor":8,"iWidth":8,"eAlignment":4,"iX":0,"iY":0},{"sImage":null,"iHeight":8,"eCursor":10,"iWidth":8,"eAlignment":6,"iX":0,"iY":0},null,null,null,null,null,null,null,null],"eAttachmentMode":0,"iX":90,"iY":263,"iData":0,"Attributes":{},"bDisabled":false}]