<?xml version="1.0" encoding="UTF-8"?>
<PBEditSettings>
	<Settings>
		<Setting name="enableStyling" value="0"/>
		<Setting name="enableScrollBarHorizontal" value="1"/>
		<Setting name="enableScrollBarVertical" value="1"/>
		<Setting name="enableLineNumbers" value="0"/>
		<Setting name="enableShowCurrentLine" value="0"/>
		<Setting name="enableFolding" value="0"/>
		<Setting name="enableCaseCorrection" value="0"/>
		<Setting name="enableShowWhiteSpace" value="0"/>
		<Setting name="enableIndentationLines" value="0"/>
		<Setting name="enableAutoIndentation" value="0"/>
		<Setting name="enableAutoComplete" value="0"/>
		<Setting name="enableDictionary" value="0"/>
		<Setting name="enableSyntaxCheck" value="0"/>
		<Setting name="enableBeautify" value="0"/>
		<Setting name="enableMultiCursor" value="0"/>
		<Setting name="enableSplitScreen" value="0"/>
		<Setting name="enableHighlightSelection" value="0"/>
		<Setting name="enableSelectPastedText" value="0"/>
		<Setting name="highlightMode" value="NoCase"/>
		<Setting name="indentationMode" value="None"/>
		<Setting name="useRealTab" value="1"/>
		<Setting name="tabSize" value="4"/>
		<Setting name="fontName" value="Consolas"/>
		<Setting name="lineHeight" value="11"/>
		<Setting name="maxLineWidth" value="0"/>
		<Setting name="scrollbarWidth" value="15"/>
		<Setting name="topBorderSize" value="4"/>
		<Setting name="leftBorderSize" value="4"/>
		<Setting name="newLineChar" value="10"/>
		<Setting name="CursorBlinkDelay" value="500"/>
		<Setting name="CursorClickSpeed" value="500"/>
		<Setting name="CursorCompareMode" value="NoCase"/>
	</Settings>
	
	<Colors>
		<Color name="defaultTextColor" value="0,0,0"/>
		<Color name="selectedTextColor" value="255,255,255"/>
		<Color name="cursor" value="0,0,0"/>
		<Color name="inactiveBackground" value="50,50,45"/>
		<Color name="currentBackground" value="255,255,255"/>
		<Color name="selectionBackground" value="0,108,215"/>
		<Color name="currentLine" value="180,180,180"/>
		<Color name="currentLineBackground" value="200,200,200"/>
		<Color name="inactiveLineBackground" value="205,145,120"/>
		<Color name="indentationGuides" value="60,60,60"/>
		<Color name="repeatedSelections" value="150,150,145"/>
		<Color name="currentLineNr" value="225,225,220"/>
		<Color name="lineNrBackground" value="40,40,35"/>
		<Color name="foldIcon" value="180,180,175"/>
		<Color name="foldIconBorder" value="100,100,95"/>
		<Color name="foldIconBackground" value="40,40,35"/>
	</Colors>
</PBEditSettings>
