<?xml version="1.0" encoding="UTF-8"?>
<PBEditStyle>
	<Styling>
		<Style name="NONE" fontNr="0" foreColor="212,212,212"/>
		<Style name="KEYWORD" fontNr="1" foreColor="200,135,190"/>
		<Style name="FUNCTION" fontNr="0" foreColor="220,220,170"/>
		<Style name="STRUCTURE" fontNr="0" foreColor="75,200,175"/>
		<Style name="TEXT" fontNr="0" foreColor="155,220,255"/>
		<Style name="QUOTE" fontNr="0" foreColor="235,150,130"/>
		<Style name="STRING" fontNr="0" foreColor="205,145,120"/>
		<Style name="COMMENT" fontNr="0" foreColor="106,155,85"/>
		<Style name="NUMBER" fontNr="0" foreColor="180,205,170"/>
		<Style name="POINTER" fontNr="0" foreColor="155,220,255"/>
		<Style name="CONSTANT" fontNr="0" foreColor="235,150,130"/>
		<Style name="OPERATOR" fontNr="0" foreColor="250,100,100"/>
		<Style name="BACKSLASH" fontNr="0" foreColor="220,220,220"/>
		<Style name="COMMA" fontNr="0" foreColor="220,220,220"/>
		<Style name="BRACKET" fontNr="0" foreColor="220,220,220"/>
		<Style name="LABEL" fontNr="0" foreColor="85,155,215"/>
		<Style name="HIGHLIGHT" fontNr="IGNORE"  foreColor="IGNORE" backColor="85,85,80"/>
		<Style name="CODEMATCH" fontNr="1" foreColor="220,135,190" backColor="85,85,80" underlined="1"/>
		<Style name="CODEMISMATCH" fontNr="1" foreColor="255,0,0" backColor="130,60,20" underlined="1"/>
		<Style name="BRACKETMATCH" fontNr="0" foreColor="220,135,190" backColor="85,85,80"/>
		<Style name="BRACKETMISMATCH" fontNr="0" foreColor="255,0,0" backColor="130,60,20"/>
	</Styling>

	<Keywords>
		<keyword name=";{" style="KEYWORD" fold="1"/>
		<keyword name=";}" style="KEYWORD" fold="-1"/>
		<keyword name="CompilerIf,DeclareModule,Enumeration,EnumerationBinary,Macro,Module,Structure,StructureUnion" style="KEYWORD" fold="1" indent="0,1"/>
		<keyword name="CompilerEndIf,EndDeclareModule,EndEnumeration,EndMacro,EndModule,EndStructure,EndStructureUnion" style="KEYWORD" fold="-1" indent="-1,0"/>
		<keyword name="Procedure,ProcedureC,ProcedureCDLL,ProcedureDLL" style="KEYWORD" fold="1" indent="0,1"/>
		<keyword name="EndProcedure" style="KEYWORD" indent="-1" fold="-1,0"/>
		<keyword name="Case,CompilerCase,CompilerDefault,CompilerElse,CompilerElseIf,Default,Else,ElseIf" style="KEYWORD" indent="-1,1"/>
		<keyword name="CompilerEndSelect,EndSelect" style="KEYWORD" indent="-2,0"/>
		<keyword name="CompilerSelect,Select" style="KEYWORD" indent="0,2"/>
		<keyword name="DataSection,For,ForEach,If,Import,ImportC,Interface,Repeat,While,With" style="KEYWORD" indent="0,1"/>
		<keyword name="EndDataSection,EndIf,EndImport,EndInterface,EndWith,ForEver,Next,Until,Wend" style="KEYWORD" indent="-1,0"/>
		<keyword name="Align,And,Array,As,Break,CallDebugger,CompilerError,CompilerWarning,Continue,
		Data,Debug,DebugLevel,Declare,DeclareC,DeclareCDLL,DeclareDLL,Define,Dim,DisableASM,
		DisableDebugger,DisableExplicit,EnableASM,EnableDebugger,EnableExplicit,End,Extends,FakeReturn,
		Global,Gosub,Goto,IncludeBinary,IncludeFile,IncludePath,List,MacroExpandedCount,Map,NewList,
		NewMap,Not,Or,ProcedureReturn,Protected,Prototype,PrototypeC,ReDim,Read,Restore,
		Return,Runtime,Shared,Static,Step,Swap,To,UndefineMacro,UnuseModule,UseModule,XIncludeFile,Xor" style="KEYWORD"/>
		
	</Keywords>

	<Syntax>
		<SyntaxString name="CompilerIf'CompilerElseIf,CompilerElse,CompilerEndIf'|CompilerElseIf'CompilerElseIf,CompilerElse,CompilerEndIf'|CompilerElse'CompilerEndIf'" flags="COMPILER"/>
		<SyntaxString name="CompilerSelect'CompilerCase,CompilerDefault,CompilerEndSelect'|CompilerCase'CompilerCase,CompilerDefault,CompilerEndSelect'|CompilerDefault'CompilerEndSelect'" flags="COMPILER"/>
		<SyntaxString name="DeclareModule'EndDeclareModule'"/>
		<SyntaxString name="Module'EndModule'" flags="CONTAINER"/>
		<SyntaxString name="Procedure'EndProcedure'" flags="CONTAINER,PROCEDURE"/>
		<SyntaxString name="ProcedureDLL'EndProcedure'" flags="CONTAINER,PROCEDURE"/>
		<SyntaxString name="ProcedureC'EndProcedure'" flags="CONTAINER,PROCEDURE"/>
		<SyntaxString name="ProcedureCDLL'EndProcedure'" flags="CONTAINER,PROCEDURE"/>
		<SyntaxString name="ProcedureReturn" flags="RETURN"/>
		<SyntaxString name="For'Next'" flags="LOOP"/>
		<SyntaxString name="ForEach'Next'" flags="LOOP"/>
		<SyntaxString name="Repeat'Until,Forever'" flags="LOOP"/>
		<SyntaxString name="While'Wend'" flags="LOOP"/>
		<SyntaxString name="Break" flags="BREAK"/>
		<SyntaxString name="Continue" flags="CONTINUE"/>
		<SyntaxString name="EnableASM'DisableASM'"/>
		<SyntaxString name="Macro'EndMacro'"/>
		<SyntaxString name="DataSection'Data,EndDataSection'|Data'Data,EndDataSection'"/>
		<SyntaxString name="Enumeration'EndEnumeration'"/>
		<SyntaxString name="EnumerationBinary'EndEnumeration'"/>
		<SyntaxString name="Interface'EndInterface'"/>
		<SyntaxString name="Structure'EndStructure'"/>
		<SyntaxString name="StructureUnion'EndStructureUnion'"/>	
		<SyntaxString name="If'ElseIf,Else,EndIf'|ElseIf'ElseIf,Else,EndIf'|Else'EndIf'"/>
		<SyntaxString name="Select'Case,Default,EndSelect'|Case'Case,Default,EndSelect'|Default'EndSelect'"/>
		<SyntaxString name="With'EndWith'"/>
		<SyntaxString name="Import'EndImport'"/>
		<SyntaxString name="ImportC'EndImport'"/>
		<SyntaxString name="(')'"/>
		<SyntaxString name="[']'"/>
		<SyntaxString name="{'}'"/>
	</Syntax>
  
	<LineContinuation>
		<Keyword name="+ , | and or xor"/>
	</LineContinuation>

	<Comments>
		<Keyword comment=";"/>
		<Keyword uncomment=""/>
	</Comments>
</PBEditStyle>
